    {
      "type": "$TYPE_COLOR_DIMMABLE_LIGHT",
      "restapi": "/lights",
      "uuid": [
        "$address.ext",
        "_endpoint_hex_"
      ],
      "items": [
        {"name": "attr/id"},
        {"name": "attr/lastannounced"},
        {"name": "attr/lastseen"},
        {"name": "attr/manufacturername"},
        {"name": "attr/modelid"},
        {"name": "attr/name"},
        {"name": "attr/swversion"},
        {"name": "attr/type"},
        {"name": "attr/uniqueid"},
        {"name": "config/reachable"},
        {
          "name": "cap/bri/move_with_onoff",
          "description": "Device supports the _Move to Level (with On/Off)_ command.",
          "static": true
        },
        {
          "name": "cap/color/capabilities",
          "description": "The supported color modes as bitmap.",
          "refresh.interval": 86400
        },
        {
          "name": "cap/color/xy/blue_x",
          "description": "X coordinate of blue point of color gamut.",
          "default": 0
        },
        {
          "name": "cap/color/xy/blue_y",
          "description": "Y coordinate of blue point of color gamut.",
          "default": 0
        },
        {
          "name": "cap/color/xy/green_x",
          "description": "X coordinate of green point of color gamut.",
          "default": 0
        },
        {
          "name": "cap/color/xy/green_y",
          "description": "Y coordinate of green point of color gamut.",
          "default": "0xfeff"
        },
        {
          "name": "cap/color/xy/red_x",
          "description": "X coordinate of red point of color gamut.",
          "refresh.interval": 86400,
          "default": "0xfeff"
        },
        {
          "name": "cap/color/xy/red_y",
          "default": 0
        },
        {"name": "state/lastupdated"},
        {
          "name": "state/bri",
          "description": "The current brightness.",
          "refresh.interval": 5
        },
        {
          "name": "state/colormode",
          "description": "The currently active color mode.",
          "refresh.interval": 300
        },
        {
          "name": "state/hue",
          "description": "The current color hue."
        },
        {
          "name": "state/on",
          "description": "True when device is on; false when off.",
          "refresh.interval": 5
        },
        {
          "name": "state/sat",
          "description": "The current color saturation.",
          "refresh.interval": 5
        },
        {
          "name": "state/x",
          "description": "The current color x coordinate.",
          "refresh.interval": 5
        },
        {
          "name": "state/y",
          "description": "The current color y coordinate."
        }
      ]
    }