    {
      "type": "$TYPE_SWITCH",
      "restapi": "/sensors",
      "uuid": [
        "$address.ext",
        "_endpoint_hex_",
        "_cluster_hex_"
      ],
      "fingerprint": {
        "profile": "0x0104",
        "device": "0xfffe",
        "endpoint": "_endpoint_hex_",
        "out": [
          "0x0012"
        ]
      },
      "items": [
        {"name": "attr/id"},
        {"name": "attr/lastannounced"},
        {"name": "attr/lastseen"},
        {"name": "attr/manufacturername"},
        {"name": "attr/modelid", "static": "ptvo.switch"},
        {"name": "attr/name", "static": "Button _endpoint_"},
        {"name": "attr/swversion"},
        {"name": "attr/type"},
        {"name": "attr/uniqueid"},
        {"name": "config/reachable"},
        {"name": "config/on"},
        {"name": "state/lastupdated"},
        {
          "name": "state/buttonevent",
          "description": "Button click event",
          "read": {
            "fn": "none"
          },
          "parse": {
            "at": "0x000A",
            "cl": "0x0012",
            "ep": _endpoint_,
            "eval": "const eventLookup = [0x03, 0x02, 0x04, 0x05, 0x01];Item.val = 1000 + eventLookup[Attr.val];",
            "fn": "zcl:attr"
          }
        }
      ]
    }