    {
      "type": "$TYPE_DIMMABLE_PLUGIN_UNIT",
      "restapi": "/lights",
      "uuid": [
        "$address.ext",
        "_endpoint_hex_"
      ],
      "items": [
        {"name": "attr/id"},
        {"name": "attr/lastannounced"},
        {"name": "attr/lastseen"},
        {"name": "attr/manufacturername"},
        {"name": "attr/modelid"},
        {"name": "attr/name"},
        {"name": "attr/swversion"},
        {"name": "attr/type"},
        {"name": "attr/uniqueid"},
        {"name": "config/reachable"},
        {"name": "state/lastupdated"},
        {
          "name": "state/bri",
          "refresh.interval": 5
        },
        {
          "name": "state/on",
          "description": "True when device is on; false when off.",
          "refresh.interval": 5
        }
      ]
    }