    {
      "type": "$TYPE_TEMPERATURE_SENSOR",
      "restapi": "/sensors",
      "uuid": [
        "$address.ext",
        "_endpoint_hex_",
        "0x0402"
      ],
      "items": [
        {"name": "attr/id"},
        {"name": "attr/lastannounced"},
        {"name": "attr/lastseen"},
        {"name": "attr/manufacturername"},
        {"name": "attr/modelid"},
        {"name": "attr/name"},
        {"name": "attr/swversion"},
        {"name": "attr/type"},
        {"name": "attr/uniqueid"},
        {"name": "config/on"},
        {"name": "config/reachable"},
        {
          "name": "config/offset",
          "description": "Relative offset to the main measured value.",
          "default": 0
        },
        {"name": "state/lastupdated"},
        {
          "name": "state/temperature",
          "description": "The current temperature in °C &times; 100.",
          "default": 0
        }
      ]
    }